id;transport;name;icon;interval;mapZoom;mapType;mapCenterLat;mapCenterLng;priority;showDetails;toIcon;fromIcon
4862865988E2D72FE10000000A75607A;57563529969525CCE10000000A4E731A;Hanea 29.05 SB-CJ;truck.png;200;8;hybrid;46.32522;23.7152;1;1;red.png;green.png
4962865988E2D72FE10000000A75607A;5756353B969525CCE10000000A4E731A;Hanea 19.06 SB-CJ;truck.png;200;8;hybrid;46.32522;23.7152;1;1;red.png;green.png
4B62865988E2D72FE10000000A75607A;57563528969525CCE10000000A4E731A;Hanea 27.05 AB-SB;truck.png;200;10;hybrid;45.9245;23.8552;1;1;red.png;green.png
4A62865988E2D72FE10000000A75607A;5756353E969525CCE10000000A4E731A;Hanea 17.06 CJ-SB;truck.png;50;8;hybrid;46.32522;23.7152;1;1;red.png;green.png
4C62865988E2D72FE10000000A75607A;573CB7478DD668DAE10000000A4E731A;Tony 22.05 OR-CJ;truck.png;25;9;hybrid;46.9531;22.7538;1;1;red.png;green.png
4D62865988E2D72FE10000000A75607A;573CB7468DD668DAE10000000A4E731A;Tony 18.05 CJ-OR;truck.png;200;9;hybrid;46.9531;22.7538;1;1;red.png;green.png
4E62865988E2D72FE10000000A75607A;56697BB680504538E10000000A4E731A;Demo Transport;truck.png;100;8;hybrid;46.32522;23.7152;1;1;red.png;green.png
4F62865988E2D72FE10000000A75607A;566D6D87B5685629E10000000A4E731A;Demo Transport II;truck.png;100;8;hybrid;45.0707;24.8797;1;1;red.png;green.png